authors,beverage,clothing-female,clothing-male,food,location,names-female,names-male,sports clubs
عادل أرسلان,عيران,تيشرت,جلابيه,كنافة نابلسية,طويلة,أسمى,محمد,الشباب
روبن إيب,راكيا,قفطان,حطة,كلنتيكة,بيسلي,روزانا,احمد,الخليج
موريس هورن,بوربون,كفتان,جبة,قمر الدين,هايلاند هيفن,نيرمين,أكرم,الاتحاد
محمد غوشة,كاشاسا,قفطان,هودي,بيشي,بودلسدورف,لويز,أمين,الكويت
منجد المدرس,بوربون,عبائة,بشت,متبل,هوكنز,منيبة,عبده,العربي
إيجل راسموسن,شاي لومي,عصبة,عقال,عزيزية,شبالت,نصيرة,عبدالشافئ,الشعب
إباء إسماعيل,شوتشو,نقاب,جوخة,كعك العيد,إنجر,سيلين,ويليام,العلم
عبده خال,كونياك,تي شيرت,جلابية,فيوتشيني,سينتون,سلوى,كارلو,مارتيغ
عدنان عكاشة,عرقي,تنورة,بليزر,زرب,راينهايم,ناديه,فينسنت,بانيليفسينياكوس
جيروم مورين,بيمُنتة  ,جينز,خاجية,بيبسي تويست,أولني,رافية,جنكيز,رويتلينغن 05
عزة الفيلالي,شمبانيا,شورت,جلابية,باطرش,هوينشتاين-إرنستال,جوزيت,برنارد,كاين
حسين البشدري,متة,حايك,جبة,سردين,هيل كاونتي فيلدج,جنوب,وئام,أونيون فييرا
إباء إسماعيل,قيقب,مايوه,جوخة,غارغانيلي,غرين باي,غوينيث,بوريس,مسافي
نورا ماي فرينش,تيكيلا سن رايز,لباس ضيق,عقال,بغاشة,ديفني,إلسا,عبدالعزيز,يونيون إتوال سبورتيف مونتموريلونيز
فيرونيكا فيرا,كايبيرينيا,منديل,شماغ,بابارديله,نيو ويستمينيستر,كيتلان,ليو,الرصافة
سيريل مونتانا,تكيلا,تنورة,كاكولة,فيتوتشيني,لويسفيل,ايميلي,عبدالأمير,الصليبخات
فرجينيا هاميلتون أدير,جلاب,قلنسوة,شماغ,مهلبيه,كليفلاند هايتس,عواطف,نزار,النسور
باسم صبري,بايليز,فيزون,عمامة,مسكوف,نيوفولدين,هديل,المجاهد,سينايوين يالكابالوكيرهو
طارق دعكور,كيانتي,تي شيرت,جوخة,فريزية,غروناو نيدرزاكسن,ليا,منصور,كوبينغ
ياسر الحبيب,تشيتشا,عبائة,عصبة,منسف,كيلدير,أوريلي,اسامة,مليلية
ليف لوسيف,كوبا ليبر,شورت,جينز,زلبية,فردول,ماجدة,أسعد,إف91 دوديلانج
نهلة محمود,ماء الحياة,الجبـة,عقال,تريبولين,إرتون,فيوليت,جمال,خيبر
تغريد النجار,مريسه,شرش,كوفية,بيكاتا,دي كالب,لمى,عبدالفتاح,تريليبورج
محمد سعيد جرادة,زبيب,عصبة,بدلة,ملوز,أهرامات مروي,جُوَيْرِيَة,عزت,روت فايس آهلن
شعبان يوسف,بوربون,جلباب,غترة,كفته,بيتالوما,ايلان,ألفونسو,هجر
غريس إليري تشانينج,رمان,سويت بانتس,بنطال ضيق,برتسة,كولمان,مُفيدة,عبيد,ريال بورغوس
كاريداد دي لا لوز,كايبيرينيا,ملاية,زبون,باييا,كلاركسفيل سيتي,شاهرة,تمام,شط العرب
حفصة زينات قوديل,مارتيني,ملاية,جينز ممزق,شنيتزل,بيرايوس,مكارم,شرلوك,ريونيس هاجنو
حسام الحملاوي,كيانتي,فستان,صاية,منتو,ماكغراث,بسنت,ماكس,مركز شباب الأمعري
لورا نايت جادتشيك,سكس أون ذا بيتش,حايك,بنطال ضيق,كُفتة نيئة,دوجيرتي,متام,صلاح,اتحاد جبل الجلود
موريس هورن,كوكوي,حجاب,زبون,كبيبة,العيون الشرقية,بثينة,الزبير,ابو غريب
كارول كوين,موهيتو,حايك,جلابة,ورق العنب,تانغرمونده,زيزفون,محمدعلي,أربيل
كلو نيل,تشيتشا,الجبـة,حطة,ماكرون,بيكان جاب,لمى,سوار,العمران
كريس إبوخ,شامبانيا,كاكي,قمباز,بابا روم,قصر تادولة,كوكب,جيرمي,كرامفوش اليانسن
نادية حجاب,تشيتشا,تي شيرت,قبعة,بيروغة,تشارشن,حبيبة,شاهين,مافرا
كيفن كارسون,بيمُنتة  ,المحوثــل,مشلح,كواج,بواتييه,كاساندرا,هوجو,النجم الرياضي ببني خلاد
إيليا أبو ماضي,تيكيلا,جرغد,جكت,غُولاش,رامبرانت,سعاد,هشام,اتحاد نبروه
حسين مرتضى,عصير التمر,دشداشة ,خاجية,زلاطة,مِرَنْدِيلة,نبيهة,إغناسيو,جازيليك أجاكسيو
ابن سناء الملك,قهوة عربية,حولي,تيشيرت,تورتيلي,سولون,أمينه,صهيب,لورقة
فرجينيا هاميلتون أدير,عرقي,عبايه,شاشية,سجناكي,حفر الباطن,روبرتا,مسيلمة,موسكرون
سمر محفوظ براج,جن,جرجار,جاكيت,مقلوبة,ماسون سيتي,باريس,علاء,شباب الدور
جيان ماير,قهوة إيرلندية,دشداشة ,جكت,شخشوخه,سكاغواي,هاديه,سراج,القادسية الكويتي
برنيس لوف ويغينز,ستاليشنيا,تي شيرت,عمامه,مكبوس,سيلاويك,منة,فرديناند,مايا
بيرتا بيرنس,سوجو,ايشارب,حطة,كرواصون,أتوكا,فاليري,عبيد,القرين
شانون غيليغان,كيانتي,طنطور,تيشرت,سباغتي,مَنغُوَلدة,جنوب,حكيم,مصر للمقاصة
محمد ولد أحمد يورة,شامبانيا,شادور,شاشية,جشيد,العبور الجديدة,دنيا,نيلز,ديبورتيفو أجويدا
رانيا مأمون,كونياك,بوشية,دشداشة,سِبِتْشَة,زيغن,الهام,شكري,السيلية
سعود السنعوسي,عرق,شادور,فرجية,طجين,شينوك,آلاء,برياموس,موسكرون
أحمد بدرخان,سحلب,دشداشة ,صاية,تليتلي,إلينسبورغ,يسر,عيسى,سدوس
آن أغيري,عصير الرمان,جاكيت,جوخة,سلتة,غاردينا,سكين,أنجيلو,فولا إيش
روبرت أبيرناثي,كركريه,منديل,خاجية,ملوخيه,بيروت,انا,الي,الخليج
لين فارلي,شمبانيا,شرش,دماية,تفاية,القاهرة,مونيكا,محمد,الشباب
زليخة أبو ريشة,ليكور,حولي,جينز ممزق,مضروبة,بغداد,دوناتلا,ألفونس,الاتحاد
حسن حسن,جعة,بكيني,تيشرت,كراكلين,القدس,سيسيليا,جواد,الكويت
تيفاني تافرنيي,زوراسابوتي,قلنسوة,سويت بانتس,المَنتِكادة,دمشق,حسنية,فرانسوا,العربي
ديفيد روبنز,شيفاس,عبايه,طاقية,فيليا,فلسطين,أمامه,فيلبس,باريس
ماري إي. هيويت,ويسكي,دشداشة ,كاكولة,سجق,لندن,تيريزا,أنور,العلم
مارك باسيلي يوسف,تمر هندي,الجبـة,عقال,صبار,الثورة,انابيلا,محمدعلي,الشعب
باتريشيا ساندوفال,يونغوينو,تيشرت,جكت,سِبِتْشَة,البحرين,فاتن,ايرل,الجنوب
أبريل ويد,سفرجل,فستان,كدرون,مخارق,لبنان,صائنة,ألساندرو,بلاد الرافدين
حنان فاروق,ماهيتو,نقاب,حطة,الجلجلانية,زوسن,براندي,الزبير,كفرسوم
عدنان عكاشة,بوربون,دراعة,تي شيرت,طاجين الحلو,كاكتوفيك,لورا,ويل,تروا
كيلي ماسترسون,سمبوكة,بلوزة,قلنسوة,كليجة,نورث سانت بول,طامحة,نمر,اتحاد حجوط
أوجين سكرايب,موكا,سفساري,شورت,معجوقة,باد كروتسينغن,معينة,رؤوف,إسبانيول طنجة
جاك ليجراند,مريسه,كندورة,عقال,عيران ييك,أردمور,شارلوت,ديمتريوس,أولمبي الشلف
جون بروم,موهيتو,فيزون,قميص,طاجين الحلو,أوجي,صابرة,طارق,جولدي
إسماعيل علي إسماعيل,عيران,لثام,جينز,سبايتزل الجبن,غروفلاند,كاساندرا,ايرل,السيب
محمد جمال صقر,بينا كولادا,منديل,بلوزة,باستا,أجينسي,ماغدا,أندريه,فيسينداريو
إيبز سارجنت,كركديه,بوشية,جلابيه,كبدة,ستيت لاين,كاساندرا,عطا,بيزيرز
فيليس تشيسلر,قهوة إيرلندية,بلوزة,سويت بانتس,محشي فليفلة,لوريمور,نضال,ممدوح,كرة القدم بالحمامات
فارع المسلمي,راكيا,شــرش,كندورة,أيس كريم صاندي,شفارتسهايده,ستيفاني,إميل,الروضة
ميشيل كلينتون,كركيده,جرجار,قمباز,شنتزل,بيل,كيرستين,آرون,سان ديزیه الأولمبي
ماثيو كوستيلو,تيكيلا سن رايز,تنورة قصيرة,غطره,قريوش,مرزيبورغ,كاظمة,نعمة,تجكجة
جون هنري باترسون,دوم,بيكيني,وزار,زعزع,شيبوغن,كيتلان,هاريس,الشارقة
أليسيا غاسبار دي ألبا,بابونج,منديل,عصبة,تالياتيلي,تشارشن,باميلا,آرام,اتحاد عنابة
ماثيو كوستيلو,راكيا,منديل,بندانا,باجل,يونيونتاون,أفنان,عبيدالله,الجامعة الرياضي
أندريا كين,كوكتيل,لباس البحر,قلنسوة,بيني,ماكس كريك,ليونور,هانئ,شباب عين جاسر
هيثم الخواجة,تاكيلا,شورت,جلابة,بياز,كارليل,غلا,عبدالمحسن,بينيفار
طارق البكري,كولا دي مونو,شورت,كندورة,المنصف ,ويتكروفت,دانية,أسد,الزلفي
آنا ليهي,قيقيب,طنطور,غطره,حِمَّص مصالحة,ليكلاند شورز,نورا,أورلاندو,الغاضرية
بلال رمضان,بيمُنتة  ,برقع,قبعة,قطايف,تريكالا,فيكي,سراج,باتريك أتلتيك
هنري هوارد براونيل,شمبانيا,تيشرت,جلابية,كشك,ماينينغن,رنين,سامر,رابطة أوتريخت الرياضية إلينكويك
ليندا هال,نبيذ,بوشية,جكت,بركوكس,إيدجووتر,دَخْتَنُوس,عبدالرحمان,فالنسيا
عبد الرحمن الشرقاوي,كيانتي,يوغا بانتس,بلوزة,سباغيتي,كولفاكس,مينا,معتوق,لوغانو
آسيا داغر,بلح,سفساري,جلابيه,فاسبراوس,والنوت غروف,شذى,الحسين,تكريت
غابرييلا أمبروسيو,كونياك,تيشرت,دشداشة,طحين ميدة,موندركينغن,مارا,عاصم,واترشاي ثور
محمد دييغو,كيانتي,فرجية,شاشية,كورزيتي,فلمنغ,بولين,نيلسون,أورنج كاونتي
سينثيا كروز,سمبوكة,سويعية,عصبة,فلافل,ألغونا,عفاف,أرطغرل,الرفاع
لورا غيلبين,راكي,عصبة,كدرون,معجوقة,قصر تبوعصامت,نجاة,نبيه,اتحاد بافيا لكرة القدم
ماري طوق,بيرة,لثام,تيشرت,يوفرلايكيا,ميثيون,راغدة,ديمتريوس,السلام الرياضي صور
جون روبنز,شراب الشعير,حايك,بدلة,كفته,كاترنغ,ضارعة,متى,نايستفيد
جاي دبليو. ريتشاردز,زوزو,باندانا,بندانا,بينة,سانت بيتر,جُوَيْرِيَة,حمد,علي الغربي
بن فالكون,بينا كولادا,سويت بانتس,جبة,فليك,ماديل,آيات,نايثن,الحائط
إيليا أبو ماضي,ملوز,جينز,طربوش,كنافة نابلسية,هورنيك,ميرتل,حازم,الزعفرانية
يوسف الكيلاني,بابونج,بنطال ضيق,سويت شيرت,هريسة,وغالالا,هديل,بارون,أوردينغن 05
دانييل شتورم,سانجريا,برقع,عمامه,بنزرتية,شفايش,سوزان,انطونيوس,إنبي
جورج غريغوري,ساكي,جمبسوت,شورت,عيش,باد بيرغتسابرن,آسيا,عبد الجليل,شوليه
ماري ساكس,كاشاسا,حجاب,صاية,تيكيلا سن رايز,يوركفيل,راجحة,جريجوري,نفط الوسط
مارك باسيلي يوسف,شاي كرك,جرجار,تيشيرت,مكبوس,قصر آيت سيدي الحبيب,صريحة,وليد,سبورتنغ ماهونيس
رحاب بسام,بوربون,كاكي,جلابة,فادج,لكسينغتون,زهراء,جوستين,الطوز
شيري شنايدر,,الجبـة,قمباز,بيسكوي,بيروت,أغاثا,محمد,الشباب
محمد الرطيان,,قلنسوة,دشداشة,بخاري,القدس,نيكول,احمد,الشعب
ستار جبر ناصر,,المحوثــل,طاقية,نجفية,الثورة,إيلا,موسى,الخليج
إريك مولر,,حايك,بنطلون جينز,سليقة,القاهرة,مكارم,يوسف,الاتحاد
سمير فرحات,,كندورة,غطره,عسل المانوكا,فلسطين,سيليني,ايرل,العربي
رشا كشان,,عباية,إزار,أسباجيتي,البحرين,تارا,بيتر,الكويت
أحمد النحاس,,جرجار,دشداشه,تاكيتو,لبنان,رافية,عزت,السلام
ليو فري,,فستان قصير,دشداشه,شاكرية,بغداد,دبرى,عبيدالله,العلم
محمد صادق,,لباس ضيق,عمامة,فتوتشيني,باد لاوخشتيت,جنوب,هوارد,الجنوب
هيلين هاي ويتني,,باندانا,طربوش,كويماك,سان بيرناردينو,روبي,راين,الجزيرة
عثمان يوسف كينيديد,,بيكيني,شماغ,تاكيتو,ريفر روغ,أريانا,ماجد,البحرين
لاري إبراهام,,الجبـة,كندورة,كنافة,غريت بيند,شذى,حكيم,المدينة
باسيل إتش جونستون,,جينز,فرجية,بشكيطو,ويلارد,أصالة,عبدالشافئ,الثورة
فيليس تشيسلر,,خمار,حطة,باستا,شينهفلد,ريم,توماش,الشمال
جينيفر ميلر,,نقاب,عصبة,بلح الشام,ليال,ناني,سمعان,ايه سي ماكراتيسي
نهى طبارة حمود,,طنطور,شماغ,مرقوق,سان أوغسطين,هاله,جرجس,الغوطة
تاميراس فاخوري,,بوشية,عصبة,بوفور,كيركوود,بلقيس,شارلز,نايستفيد
عبد اللطيف مبارك,,طرحة,جاكيت جلد,حبول,كروسلك,غلوريا,صامويل,يوتاه غولدن سبايكرز
إلهام مانع,,شيلة,جلابة,طابونة,نبراسكا سيتي,راغدة,أسد,سفوان
مارون عبود,,الجبـة,بندانا,بيني,مركندورف,مُنتهى,جيفري,الشيخ حسين
فرانز كارل إندرس,,تنورة قصيرة,تيشيرت,رفيسة,أيروكويز,ذكرى,إلكاي,عين التمر
ريتشارد بيركويتز,,جلباب,جلابيه,شطيرة السمك,كوكسهافن,سليمة,جون,فورتونا سيتارد
شروق أمين,,تنورة,ثوب,تاحريشت,أرمور,نجاة,حارث ,ألمانيا آخن
جون روبنز,,المحوثــل,دشداشة ,زعتر,كوياهوغا فولز,رصينة,يسري,فالكنبرغ
ليزا شانون,,بنطال ضيق,قميص,خبز الصاج,ريتشموند هايهتس,زهرة,بروس,شالكه 04 ب
كلو نيل,,شادور,بندانا,بوفور,ماسيدونيا,فريحة,لوقا,سوندرييسكه
سام إبرامز,,ملاية,غطره,ديتاليني,هورون,جوزيفين,فيليبوس,النجوم السعودي
كيث فيتالي,,شورت,تيشيرت,خبز ألاسكا,كلوكيه,كاميليا,بيل,باوك
براد فورمان,,عباية,بليزر,محموص,ويست لايك هيلز,يمنى,كارلو,أولمبيك سان كوينتين
محمد متولي الشعراوي,,تنورة,شروال,تيكيلا سن رايز,بويبلو,هُويدا,بدر,الصويرة
ليلى كارب,,باندانا,طربوش,إسباجتي,داريا,ميريام,جيمس,كييفو فيرونا
دانييل غيلبرت,,لباس البحر,جكت,رافيولي محمص,أوسترينغن,ريمي,صالح,الرمس
كاثرين دوتي,,قلنسوة,جوخة,نجة,باركرفيل,مريانا,عباد,باراكالدو
جورج دي كابريو,,كندورة,بدلة,تروكولي,غريشام,فوقيَّة,عبدالفتاح,كاليه
نورا ماي فرينش,,جرغد,شماغ,تمال,لاكوست,رجاء,عصمت,سيروان
ساندرا هاردينغ,,بندانا,بليزر,عيش,ليتلفيلد,هيلي,محمد,جريدة توزر المستقبل
ليز غاربوس,,دراعة,بندانا,مثوم,كنولوود,حنان,أمين,مولودية البيض
مايك وايز,,عباية,ثوب,فتوتشيني,سانت فرانسيسفيل,حبيبة,عباس,مصفوت
خليل سعادة,,عصبة,باندانا,محنشة,وينتاتشي,رفيعة,حيدر,فيلكير
كلاي وينر,,فستان,طاقية,كوبانيستي,ميلواكي,كنزي,داوود,هلال كادوقلي
ايفا كوزما,,لباس ضيق,بنطال ضيق,مكبوس,سيدرو-والي,فجر,نجيب,التوباد
آن بيشوب,,عصبة,غترة,أيس كريم صاندي,سيمي,كاثرين,عنترة,عرعر
جيمس ديميو,,جينز,بندانا,باربين,نافباكتوس,ناديا,صقر,رييد
ياسر الحبيب,,جلابة,مشلح,بيسكوي,بلانكنبورغ,بهية,جوناه,بلد
رايموند غايتا,,عبايه,بليزر,كعك الورقة,سيدي سليمان,مَارِيَة,سليمان,لايايوا
رايموند غايتا,,ملاية,شماغ,كعكة بطيق,مصيف بلطيم,مريمه,الحارث,كويمبيريوس
إيزابيل إيبرهارت,,سويعية,سويت شيرت,إسباجتي,مولشو,رنين,كريستوفر,الجيش الملكي
بيرت ستيرن,,فيزون,دشداشة ,ديتاليني,هاريسونفيل,ايزابيل,كاليب,شباب البرج الرياضي
كريستين روس,,قفطان,قلنسوة,دود ميزكال,رادن,غايل,زيدون,مولودية الكوابلية
آيات القرمزي,,تيشرت,خاجية,لزاقيات,مرسبورغ,جليان,كارلوس,كافالري
تاميراس فاخوري,,شورت,سويت شيرت,مسكوتة موسكوتشو,القدس,انا,جبير,
بيدرو الخامس ملك أراغون,,دشداشة ,جينز,عريكة,بيروت,كوريتا,أنس,
كارول كوين,,ملاية,سويت بانتس,مسخن,القاهرة,أحلام,أليكسي,
ماري ساكس,,عباية,خاجية,ستيك,نيويورك,كاظمة,إليكس,
دييغو ألفاريز,,فستان قصير,بنطلون جينز,بيزوكري,بغداد,رند,إلويس,
جيان ماير,,بلوزة,بشت,كلاج,لندن,نهى,سمعان,
إبراهيم درغوثي,,سويعية,بليزر,دود ميزكال,دمشق,إليزابت,ماك,
مورغان باركر,,حايك,جينز,بريوش,الثورة,مايا,داوود,
رون أوليفر,,بيكيني,كدرون,استيك,البحرين,غنوة,روث,
ديفيد روبنز,,جينز,دشداشه,بينغ,فلسطين,دانا,نعمة,
مارون عبود,,ملاية,غترة,سردين,لبنان,سعدية,أمين,
إد ديكر,,جاكيت,قميص,كبسة,كولوم,عديلة,رضي,
لينا دونهام,,جاكيت,بدلة,نوغة تونسية بريستيج,مينيولا,نوره,جاسم,
فاضل السلطاني,,لباس ضيق,قميص,رافيولي محمص,لينكولن,باربرا,لوجان,
نورمان فيلبس,,المحوثــل,عصبة,قطائف,راوشنبرغ,لوساندرا,كاليب,
أحمد بدرخان,,حولي,عصبة,محاشي,إسكوباريس,شيرين,جيرمي,
دانا ليفين,,جاكيت,جوخة,خنزير الرضاعة,بيفيل,لنا,توماس,
ريحانة الجزائرية,,يوغا بانتس,قميص,لبنة,كيرشهايمبولاندن,انتوانت,رزق الله,
ليندا غودنايت,,تيشرت,حطة,بوسعادية,ليندو,جيداء,تشانغ,
بستيني كازادي,,عبائة,سكيني جينز,قَبْلَر,واتفورد سيتي,سيجريد,جيف,
جاي جاي فيليبس,,تي شيرت,سويت بانتس,بسيسة,أوكوي,رزينة,مسيلمة,
يوسف الغنامي,,لثام,حطة,خبز الكعك,السلط,حَبِيْبَة,تيميه,
خالد درارني,,شرش,شماغ,جورك,مارسيليا,ناديا,سمير,
فارع المسلمي,,منديل,جبة,بركوكس,بليس,سميره,تيميه,
جيمس إل. سنايدر,,كندورة,جلابيه,فاله دوليفو,بياتريس,سوزانه,وليام,
عبدالله عيسى,,كفتان,بلوزة,فتوتشيني,ريدل,جيسي,تيودور,
منجد المدرس,,يوغا بانتس,تيشرت,مراصيع,ديكلب,أريانا,نوفل,
رايموند غايتا,,سويت بانتس,شاشية,شنتزل,أوبفيكون,شهيرة,أليكسيس,
بروس أ. بلوك,,قلنسوة,قميص,جازباتشيو,أوديفلاس,سلطانة,فتحي,
كاسي إدواردز,,لباس ضيق,بشت,بقدونسية,هيرميتج,مُحسِنَة,واين,
رون أوليفر,,مايوه,تيشيرت,بنُ يمني,كوزاني,تغاني,عامر,
عبد الحسن زلزلة,,كندورة,كندورة,بطاطا وكرنب,موراي,ليزلي,مصعب,
هاني سرحان,,تي شيرت,شماغ,ديتاليني,توسكومبيا,جويدلن,سمعان,
باول روبرتس,,عبايه,فرجية,مقلوبة,أولد تاون,أثناسيا,إلكاي,
آبي جونسون,,جمبسوت,قلنسوة,خبز ملاوي,نوردلينغن,ماريزابل,اسرائيل,
يوسف الكيلاني,,تيشرت,كاكولة,كابسلون,ألنديل,ليزلي,أبو عوف,
هيثم الخواجة,,جلابة,بليزر,مقلوبة,الخبر,نظيرة,بليك,
كيلي ماسترسون,,باندانا,جينز ممزق,رقاق بالعدس,فراونفيلد,آسوكا,ممدوح,
رونالد فيربانك,,تنورة,بشت,مخروطة,غرينلاند,بديعة,إسحاق,
روبرت أبيرناثي,,بوشية,جبة,حرايمي,لينن,باولينا,يسوع,
ماثيو كوستيلو,,طرحة,طربوش,بطاطا وكرنب,سانت دوناتوس,زينه,مايكل,
غالي محمد الأمين الشنقيطي,,بكيني,خاجية,حواوشي,بيوشس سانت غالن,رلى,ألبرت,
مارتن فورد,,حولي,فرجية,زيما,نوكسفيل,ذكرى,عبدالرحمان,
مو عامر,,فستان,سكيني جينز,تالياتيلي,نيو إلنتون,ريهام,فلادمير,
الخيزران بنت عطاء,,عباية,ثوب,بينة,داونز,اليزيبث,فيكتور,
جمال بدوي,,شيلة,قفطان,فطيرة اللهب,غورليتس,سَوْدَة,طوني,
ريك لو,,حولي,تي شيرت,بصارة,سترون,وديعة,ربيع,
محمد سعيد جرادة,,مايوه,جلابيه,بيسكوي,دلفوس,كارين,مارك,
محمد الرطيان,,لباس ضيق,بشت,سابليه,وايت هول,سمانثا,عبدالعزيز,
فرجينيا هاميلتون أدير,,بندانا,مشلح,فاسبراوس,ليبنفالده,ليلى,أليكسيس,
,,,,معروك,القدس,خولة,محمد,
,,,,فتوتشيني,بيروت,ماغدا,احمد,
,,,,شفوت,القاهرة,بسنت,خالد,
,,,,تشيزكيك,دمشق,غزلان,يوسف,
,,,,برغل,فلسطين,صوفي,حسن,
,,,,روتيني,بغداد,منة الله,مصطفى,
,,,,منتو,البحرين,دنيا,عمر,
,,,,محنشة,لبنان,ياسمينة,محسن,
,,,,مدفونة,نيويورك,الهام,سليمان,
,,,,مصابيب,لندن,ديبورا,سعود,
,,,,أيس كريم صاندي,الثورة,نبيله,صالح,
,,,,بقلاوة,أسبري,مُفيدة,محمود,
,,,,كسكس,غاردنر,شريفة,منصور,
,,,,فاسبراوس,نيومان,كارول,حسين,
,,,,أوفالتين,إلين,ملاك,جمال,
,,,,شباكية,غرانبي,حميدة,سعيد,
,,,,بيبسي تويست,بنتون,يسر,عمرو,
,,,,عسل المانوكا,قصر تاوريرت,مُنتهى,ناصر,
,,,,مخروطة,بليس,أوليفيا,سالم,
,,,,أستكعكة,بسيون,وسيمة,عباس,
,,,,الزعتر,دوناهو,روزلين,موسى,
,,,,أموز-بوش,صا الحجر,ريمي,قاسم,
,,,,مضروبة,نيو هامبتون,أمينة,عثمان,
,,,,رفيسة,غاردينر,أمامه,عبدالله,
,,,,زيما,إليندال,عاطفة,عبد,
,,,,كسكس,تيمبل,سيمون,جورج,
,,,,باميه,كيلوغ,إيلا,جون,
,,,,تسطيرة,بروكستون,سيِّدة,فايز,
,,,,شخشوخة,بيرخسنهوك,كولين,بوسعادة,
,,,,عرسية,فلوتو,ناهد,شادي,
,,,,طرشانة,غزالة,مارسيللينا,يحيي,
,,,,فريكسي,ريدشتات,سندس,ميسون,
,,,,كابونتي,كارذيتسا,روبي,كهيل,
,,,,سباغتي,شلوس هولته-شتوكنبروك,سيدرا,عبدالرحمن,
,,,,سويلنت,بيت ميدوز,غناء,ايرل,
,,,,خبز ألاسكا,ديلينغن,نانسي,كارلوس,
,,,,تاليريني,درايتون,كاثرين,ناظر,
,,,,فوزيلي,بورسو,رينيه,انطونيوس,
,,,,مليحية,لوكارنو,ميلا,شهاب,
,,,,مدلوقة,التمسية,تيمة,ألفونس,
,,,,سجق,سنتر جونكشن,آسوكا,مصباح,
,,,,طاجين الباي,رمسن,هاله,حيدر,
,,,,رايس كرسبيز,كرايشتال,سيما,هنري,
,,,,خبز تنور,إيغان,أميمة,ناجي,
,,,,كارنتيكا,ستورغين ليك,بهية,وينستون,
,,,,كعكة الشجرة,شيروكي,بديعة,رستم,
,,,,روكفور,أوك ليف,تغاني,سفيان,
,,,,بابا روم,راتون,انابيلا,فرانسيس,
,,,,لحم محفوظ,شوبفهايم,أسرار,آندي,
,,,,زيما,وادزورث,رضوة,طلحة,
,,,,كبسه,بيروت,آمال,محمد,
,,,,أموز-بوش,القدس,سهام,احمد,
,,,,شخشوخة,القاهرة,الكسندرا,خالد,
,,,,بازين,لندن,رزينة,حسين,
,,,,بريك,بغداد,إميلي,حسن,
,,,,بابا روم,نيويورك,كوكب,سعيد,
,,,,بقدونسية,الثورة,نوال,يوسف,
,,,,شخشوخة,فلسطين,روزا,يواقيم,
,,,,دليميه,دمشق,سيليني,سعدون,
,,,,عيش,لبنان,ريتا,بوراك,
,,,,تُرتلّوني,البحرين,أروى,سليم,
,,,,بخاري,باروان,لورين,شارلي,
,,,,شاورما إماراتية,يولين,ماليا,آرام,
,,,,فاصوليا مقلية,إيستون,روزماري,يلامس,
,,,,السجق والهريس,فيلز,لبانة,دايفيد,
,,,,شوربيت,تيميكولا,نانسى,ليث,
,,,,مجللة,وايت ووتر,ألكساندرا,دينيس,
,,,,جازباتشيو,كاستوريا,منار,جواد,
,,,,زعلوك,كالكار,شاهرة,داريوس,
,,,,مسفوف,تشولاه,عديلة,عياش,
,,,,برازق,دورن,صوفيا,حكيم,
,,,,مجدرة,إفرتس,رامة,شادي,
,,,,مغمور,مدينة لوكسمبورغ,وداد,عمار,
,,,,المنصف ,أوترفيل,لمياء,صفوان,
,,,,مخلمة,رينتلن,مارتا,ضياء,
,,,,مموش,نويشتات أن در فاينشتراسه,أنيستون,يسري,
,,,,بياز,راسيل,عَصْمَاء,سيف,
,,,,فليك,نيو ريتشلاند,عربوش,إلكاي,
,,,,فروتا مارتورانا,لوفيسا,آمال,عمرو,
,,,,تُرتلِّيني,أيونا,ميرتل,كنعان,
,,,,عريكة,كوينز,ضحى,سكوت,
,,,,كراكلين,رادكليف,فَارِعَة,أبراهام,
,,,,فوارغ,إيغل,مها,مورفي,
,,,,طاجبين,حبور,جوزفين,بليك,
,,,,غلنتين,العمارة,رند,تمام,
,,,,بينغ,بليرستاون,نجوى,رضي,
,,,,باسماشكات,كويتاكيو,جولي,سعد,
,,,,خنكالي,سوميرتون,مارغرت,ألبيرتو,
,,,,تُرتلّوني,شباير,زينة,عمرو,
,,,,مالتاجلياتي,سانت كلير شورز,هيرا,ممدوح,
,,,,ساكيتوني,هايدن,كفى,بطرس,
,,,,كليجة,دوفال,إيناس,جاستن,
,,,,مقلوبه,فورست ستي,تبسم,ميسون,
,,,,قراشل,تسفونيتس,مناصف,عمار,
,,,,سويلنت,فينر نويشتات,شكرية,فخرى,
,,,,شباكية,واغنر,خولة,ماريو,
,,,,الرزيزة المغربية,سبيلفيل,أفنان,جون,
,,,,هندباء,هرهورة,تاليا,زياد,
,,,,اقاشي,بورغشتيت,أنسام,بدر,
,,,,حلاوة الجبن,ستورم ليك,أمية,زكى,
,,,,سفيرية,بيروت,انا,عثمان,
,,,,كرواصون,القاهرة,هنا,زكي,
,,,,عوام,لبنان,نجلة,فيصل,
,,,,شلولو,دمشق,مريم,عبيدة,
,,,,فول مدمس,فلسطين,غنى,عمير,
,,,,حرايمي,بغداد,روبرتا,هنرى,
,,,,بغرير,الثورة,عزيزة,تيم,
,,,,ليالي لبنان,مايز,مارى,آدم,
,,,,طوفو,أنياك,فريدا,دييغو,
,,,,مضروبة,سمرفيل,فتحيه,فيليس,
,,,,باسطا,سامراء,مروة,رشد,
,,,,رافيولي,روما,غريبة,عياض,
,,,,طاجين الباي,شيروكي فيليج,جمانه,فاروق,
,,,,مسكوف,أتلانتيك,ميمونة,خافيير,
,,,,فاتروشكا,فروهنا,كينزا,أسد,
,,,,بليلة,هيركوليس,مدركة,عبد,
,,,,أبوندانس,مالطا,بشرى,متى,
,,,,عجة,إيتا بينا,سوسن,معاذ,
,,,,مبكبكة,سانت روزا,ضارعة,بيدرو,
,,,,بيروغة,هارديفيل,جان,عبيدالله,
,,,,كبانة,مليتة,رينيه,الكسندر,
,,,,فسيخ,روخليتس,فخرية,انتصار,
,,,,كويماك,فازونغن,نفيسة,جاك,
,,,,كَسْتَنْيَاجة,أوميغا,روكسانا,عبود,
,,,,بيني الا فودكا,برينرد,مايان,أبو عوف,
,,,,يبرق,برادفوردسفيل,سعدية,جيفري,
,,,,ليالي لبنان,بريجتون,عائشه,رضي,
,,,,صلصة الخبز,الشارقة,جوزيفين,نصر,
,,,,مفتول,درين,عليا,ألساندرو,
,,,,تروكولي,بارغتيهايد,باولا,مجد,
,,,,ترينيته,نيتليتون,بريسيلا,أورلاندو,
,,,,كراطان,لَجُوَة,إيفون,أليكسي,
,,,,طاووق,سكيو,سميحة,ميسون,
,,,,مخروطة,غوندلفينغن آن در دناو,غناء,صفوان,
,,,,هريسه,راتكليف,هادية,مجدالدين,
,,,,مكدوس,غراند رابيدز,باولينا,جاكوب,
,,,,فاصوليا مقلية,شورتنز,صَخْرَة,معتوق,
,,,,كفته,هافنارفيوردور,هيفا,حام,
,,,,زربيان,ابن أحمد,بايج,حسن,
,,,,شيش كباب,شامبيري,عبلة,فرانسوا,
,,,,قبوات,دوبيندورف,دعجاء,عبدالأعلى,
,,,,دولمة,البسيط,رائفة,عبدالمحسن,
,,,,شرشم,ألبيرتفيل,إيمي,فيصل,
,,,,تاحريشت,نجران,غلوريا,علاء,
,,,,بشكيطو,غيرا,ايما,حاجي,
,,,,ساكيتوني,فورنباخ,جومانا,إميل,
,,,,كوسى,كليمونز,جورجيت,عادل,
,,,,كوتسوبا,هاريسونبورغ,مايسة,ميسون,
,,,,كراكلين,ثيرما,سلمى,بسام,
,,,,بسيسة,شيروكي فيليج,نينا,صقر,
,,,,شخشوخه,,,احمد,
,,,,مكدوس,,,محمد,
,,,,أرز كون بولو,,,عثمان,
,,,,بروغر,,,حسن,
,,,,مكمورة,,,خالد,
,,,,بسيمة,,,يوسف,
,,,,تكتوكة,,,مصطفى,
,,,,سنيورة,,,عصام,
,,,,بيتزا_مارغيريتا,,,راغنر,
,,,,بينة,,,إليكس,
,,,,دوبارة,,,جايمس,
,,,,كابسلون,,,حَمَادَة,
,,,,فاسبراوس,,,ويل,
,,,,كرابيج,,,ممدوح,
,,,,ستيك,,,أنطوني,
,,,,محنشة,,,ميخا,
,,,,كوسا,,,ماكسيمليان,
,,,,بيغل,,,إغناسيو,
,,,,كلاماراتا,,,مصطفى,
,,,,بيتزا_مارغيريتا,,,جيرمي,
,,,,أستكعكة,,,عبدالمطلب,
,,,,ثاوزند أيلاند,,,سامي,
,,,,شكشوكة,,,فرديناند,
,,,,فروتا مارتورانا,,,هرقل,
,,,,بيني الا فودكا,,,إليكس,
,,,,بينغ,,,مصعب,
,,,,محشي,,,كرم,
,,,,اسباغيتي,,,أسامه,
,,,,حلاوة,,,وليد,
,,,,بسيسة,,,وئام,
,,,,سكباج,,,بكير,
,,,,بروغر,,,شارل,
,,,,كراكلين,,,عبدو,
,,,,كليجة,,,جون,
,,,,مغلي,,,لويس,
,,,,بسوبسة,,,انتصار,
,,,,حبول,,,وليام,
,,,,بجاوية ,,,ألساندرو,
,,,,مبروشة,,,أوس,
,,,,طاجين,,,ماكسويل,
,,,,كُفتة نيئة,,,هشام,
,,,,ملوخيه,,,حازم,
,,,,بوسعادية,,,سعد,
,,,,كبدة,,,إلكاي,
,,,,أوفالتين,,,نادر,
,,,,بليلة,,,جهاد,
,,,,بسطرما,,,جابر,
,,,,طاجين الباي,,,يسوع,
,,,,ورق العنب,,,رشيد,
,,,,شاورما إماراتية,,,فيل,
,,,,,,,احمد,
,,,,,,,محمد,
,,,,,,,خالد,
,,,,,,,يوسف,
,,,,,,,سليمان,
,,,,,,,صالح,
,,,,,,,سعود,
,,,,,,,سعيد,
,,,,,,,حسن,
,,,,,,,مصطفى,
,,,,,,,عمر,
,,,,,,,سالم,
,,,,,,,منصور,
,,,,,,,عباس,
,,,,,,,جمال,
,,,,,,,محمود,
,,,,,,,موسى,
,,,,,,,عمرو,
,,,,,,,محسن,
,,,,,,,سعد,
,,,,,,,ناصر,
,,,,,,,انتوني,
,,,,,,,فيكتور,
,,,,,,,تشارلز,
,,,,,,,جعفر,
,,,,,,,جيفري,
,,,,,,,إدغار,
,,,,,,,فيليب,
,,,,,,,جبران,
,,,,,,,داني,
,,,,,,,فرديناند,
,,,,,,,تميم,
,,,,,,,مازينيو,
,,,,,,,جنكيز,
,,,,,,,تشانغ,
,,,,,,,عبدالأمير,
,,,,,,,زكى,
,,,,,,,ستيفن,
,,,,,,,هارون,
,,,,,,,عمار,
,,,,,,,عبيدة,
,,,,,,,داود,
,,,,,,,صلاح,
,,,,,,,منهال,
,,,,,,,فرديناند,
,,,,,,,جميس,
,,,,,,,غازي,
,,,,,,,طاهر,
,,,,,,,عدي,
,,,,,,,صلاح,
,,,,,,,محمد,
,,,,,,,احمد,
,,,,,,,عثمان,
,,,,,,,محمود,
,,,,,,,سليمان,
,,,,,,,حسين,
,,,,,,,مصطفى,
,,,,,,,منصور,
,,,,,,,حسن,
,,,,,,,يوسف,
,,,,,,,خالد,
,,,,,,,ناصر,
,,,,,,,صالح,
,,,,,,,محسن,
,,,,,,,سعيد,
,,,,,,,جورج,
,,,,,,,رزق الله,
,,,,,,,مجد,
,,,,,,,احمد,
,,,,,,,بول,
,,,,,,,عبد الستار,
,,,,,,,نجيب,
,,,,,,,عبد الجليل,
,,,,,,,طلحة,
,,,,,,,حمزة,
,,,,,,,هرقل,
,,,,,,,شارل,
,,,,,,,عبدالكريم,
,,,,,,,عامر,
,,,,,,,فهمى,
,,,,,,,جبر,
,,,,,,,رجب,
,,,,,,,إغناسيو,
,,,,,,,الحسين,
,,,,,,,قيس,
,,,,,,,زيدان,
,,,,,,,ديمتريوس,
,,,,,,,زكي,
,,,,,,,مجدالدين,
,,,,,,,مارك,
,,,,,,,إدريس,
,,,,,,,مرشد,
,,,,,,,إنياكي,
,,,,,,,حاتم,
,,,,,,,هوجو,
,,,,,,,يلامس,
,,,,,,,أنور,
,,,,,,,سعود,
,,,,,,,خوسيه,
,,,,,,,جوزيف,
