authors,beverage,clothing-female,clothing-male,food,location,names-female,names-male,religious places,sports clubs
ألفونس دس دي بوشامب,بتع,فستان,ثوب,كسكسى,طنطا,انا,احمد,جامع الشيخ جنيد البغدادي,النصر
جيروم مورين,زوراسابوتي,سويعية,قميص,كوبانيستي,الخليل,نور,محمد,كنيسة مار ساوا,الهلال
نجود علي,عصير التمر,جاكيت,جينز,محشي فليفلة,طيبة,سمر,يوسف,كنيسة غارفين روك,الشباب
روب بايك,فودكا ريدبول,المحوثــل,هودي,قطايف,بدر,مريم,نور,كنيسة مار رجس,الاتحاد
سائد عطشان,بيمُنتة  ,جمبسوت,جاكيت,مبكبكة,بورسعيد,سلمى,حمد,كنيسة مار رجس,الرياض
أحمد الدوسري,زهورات,عبائة,هودي,برغل,السويس,نانا,عيسى,جامع الموصل الكبير,روما
كوتس كيني,شربت,سفساري,جلابيه,عيش,العبور,منى,جميس,مسجد الأهدل زبيد,الاتفاق
ديانا تريلينج,جعة,سويعية,تيشرت,سلوبي جو,القاهرة,ساره,إميل,المسجد الإبراهيمي,الزعيم
حمزة السامرائي,سكوتش,خمار,دشداشة,زفيطي,المنصورة,علا,معتوق,جامع الهنتاتي,برشلونة
شانون غيليغان,أتاي,لثام,عمامه,سلوبي جو,المنيا,ندى,مجد,كنيسة مار فرنسيس,القادسية
محمد دييغو,بينيديكتين,جينز,خاجية,باجيت,سوهاج,ماريا,كريستوفر,مسجد الرفاعي,ديبورتيفو بني انصار
رامي صالح الخليل,لونغ آيلاند آيس تي,تنورة قصيرة,بليزر,كبدة,قنا,رنا,بيل,جامع صلاح الدين الفوقاني,اتحاد الحويجة
عبد الله النفيسي,ويسكى,بنطال ضيق,زبون,ملوخية,الجديدة,رانيا,جوزيف,مسجد أغادير,نهضة مرتيل
ميشيل كلينتون,كاركدية,حولي,طاقية,باميه,الرياض,فضيلة,مات,كنيسة القديس اليانوس,ريال سبورت كلوب
ميخائيل ألبرت,تيكيلا,لباس ضيق,شاشية,كليجة,جدة,جوليا,جاليل,كنيسة القديس ميشنز,سياريس
ريتشارد هاد,تين,دراعة,كوفية,ماسامورا,كلاركدل,تونيا,وهب,مسجد الصديق,لايايوا
يوسف الغنامي,ينسون,عبائة,بلوزة,بليلة,واردين,لُبْنَى,عامر,جامع السلطان قابوس بنزوى,المنجم الرياضي بالمتلوي
ليز غاربوس,أكفافيت,فستان,إزار,فول,مونسي,عالية,فخري,مسجد المنية,الميادين
ياسر الحبيب,بيرة,يوغا بانتس,دشداشة,ششبرك,كت بانك,نضال,إدريس,جامع الحسن,ييزي
كاي تشنغ توم,شمبانيا,شرش,كدرون,لسان العصفور,أوزتريتس,أمية,جوناثان,كنيسة مار جوجيوس,باسكونيا
زين عبد الهادي,زبيب,برقع,قميص,إسكالوب,مانور كريك,رزينة,أدميرال,مسجد العريش,بخاء
فارع المسلمي,تشيتشا,فرجية,دماية,مجللة,بايرنس ميل,إيماهيل,جاستن,جامع عقبة الزرقاء الأسفل,آوغسبورغ
فيصل سعيد المطر,بلح,بوشية,عمامه,بلح الشام,كريستال سيتي,إستير,سبأ,الجامع الكبير بباجة,دي غرافشاب
غرانت ماكراكين,شامبانيا,بكيني,جلابة,مدزلونه,إبهليبن,ايميليا,صفوان,كنيسة مار ايث,باتريك أتلتيك
ترايسي شمعون,بايليز,كاكي,ثوب,ناجتس,زالتسبورغ,كاترين,نيلز,مسجد السلطان محمد الفاتح,لا فابريكا
غيلبرت دوراند,كاشاسا,فرجية,جبة,بيني الا فودكا,كونا,جمیله,عمار,مسجد الملك فاروق,إسكلستونا
جيمس ديميو,كوكتيل,جاكيت,جلابيه,رقاق بالعدس,مونت بلفيو,ضارعة,معاوية,مسجد النبي شعيب ,الرطبة
ألكسندرا روبنز,شاي لومي,يوغا بانتس,سويت بانتس,ساكيتوني,ويتشيتا,باريس,سعيد,كنيسة مار مرقس,الباحة
بن فالكون,سمبوكة,عبايه,جلابية,أوملت,شتوركو,ريمي,دينيس,العتبة العباسية,أحد
لوريس شحادة,موخيتو,بيكيني,دشداشه,محشوش,بينسبورو,أليفة,آرام,مسجد سفير,الجمعية الرياضية بجربة
مورغان باركر,لونغ آيلاند آيس تي,دراعة,عقال,فول مدمس,كيركهوفن,لؤلؤة,هنرى,مسجد العباس بالاحساء,المستقبل المشرق
مايكل هولينغسوررث,سوس,تنورة قصيرة,بنطال ضيق,يالانجي,هيتشتيت,باريس,برنار,كنيسة السيدة الاثرية,بين ميلرز
جويس تشنغ,نعنع,حولي,ثوب,كوسى,مونتيجو,دوناتيلا,كودي,جامع النائب,بورتلاند تمبرز
لاري إبراهام,ملوز,نقاب,هودي,رافيولي محمص,قضاء بلد,تماضر,رستم,جامع الرحمن في اللاذقية,الأنصار اللبناني
أليسا نوتنغ,سوبيا,لباس ضيق,كندورة,طاجين,ذا كولوني,ندى,بشار,جامع المذهب ,وفاق سطيف
محسن الرملي,تاكيلا,دراعة,باندانا,كعكة جنوة,شارلستون,فاليريا,نزار,كنيسة القديس باتريكوس,الصليبخات
لوسي مور,سفرجل,جاكيت,جلابة,كويماك,جالكعيو,جيانا,العباس,مسجد المهادله,بلاد الرافدين
جبران تويني,عرق,شرش,قمباز,ملوز,أوتشيدان,رواد,نجيب,جامع قبة المهدي,شباب البيضاء
لوريس شحادة,بلح,طرحة,صاية,نيفة,هولاداي,كيم,أنطونيو,جامع اللطيفية الكبير,هلال الناظور
هيلين آشر,موهيتو,جرجار,عمامه,سليق,سولفور سبرينغ,شارلوت,كهيل,مسجد الجعفر,بيرتشوت
أزمينة ذرودية,روزاطه,قفطان,قمباز,تروكولي,أتكينز,ناتاليا,ديمتريوس,كنيسة القديس منصور,الشباب الجديدي
غاري فايس,بيره,الجبـة,بليزر,مدلوقة,سكنيكتادي,سهام,لوجان,كنيسة القديس مورقيوس,شرورة
ليزا غينوفا,زوزو,جرغد,إزار,بغرير,ترومان,سعدية,ياسين,مسجد ملا أمين رستم,فيوتشر
جيمس كارفيل,كيانتي,عصبة,قبعة,الجلجلانية,إسنز,ريا,أوليفر,مسجد السميط,بريدابليك
سونيا روسي,شاي لومي,عباءة,دشداشة,جازباتشيو,إرفيته,سامانثا,رينالدو,كنيسة مار مرقس,وداد بلدية مفتاح
أحمد النحاس,بيرة,فرجية,كوفية,كراكلين,كورونادو,حورية,فيليب,كنيسة القديس ميناس,سوادورف
وائل عباس,عرقي,دشداشة ,تيشيرت,زوراسابوتي,روزفلت,بدريَّة,لوقا,مسجد بشتاك الناصري,بروندبي
رانيا أمين,الشانغا,جلباب,قميص,بينة,قرقيسيا,فيكتوريا,ريموند,مسجد الخضراء,عرعر
هيلين آشر,عصير التمر,حجاب,ثوب,شاورمة,غرين باي,جويدلن,سامر,كنيسة القديس لورنيزو,البطحاء
أحمد هردي,بتع,جلباب,بليزر,مموش,بليس,دعجاء,أدميرال,جامع المقامات,مينيسوتا يونايتد
سمر محفوظ براج,موهيتو,جينز,جينز,كاراسومي,الرياض,ريم,محمد,المسجد المنصوري الكبير,الزمالك
جاك ليجراند,سوس,حجاب,شورت,بركوكس,جدة,سارة,احمد,كنيسة القديس ورطان,الشباب
فيليب إم. باركر,بيمُنتة ,فستان,قميص,أيس كريم صاندي,الدمام,ميساء,يوسف,كنيسة القديس جزافييه,الجماهير
عصام العماد,بيره,شورت,ثوب,رغايف,دبي,ساره,زين,مسجد خلوية سيدي محرز,بطليوس
جميلة إسماعيل,دقيق,نقاب,بندانا,السفة,العين,انا,نور,كنيسة السيدة العزراء,فيهين فيسبادن
سامية بن دريس,شنبص,عصبة,جبة,كرواصون,لندن,مريم,الحسن,جامع الخنيني,جمعية مقرين الرياضية
سوزان جونسون,سكوتش,بيكيني,قلنسوة,جنوتشى,البريمي,شيماء,باسم,مسجد الزهير,بلابينيك
توم ماكلوكين,رم,بلوزة,جينز,مشاكيك,مدريد,عبير,ياسين,مسجد الراشدية الكبير,البلدي
ليو فري,ديكري  ,طنطور,شورت,فاصوليا مقلية,مسقط,مرام,مصطفى,جامع قسطل الحرامي,تشيربورغ
فرانز شريكر,بدويايزر,كفتان,جلابيه,سباجيتي,نيويورك,سمر,ماك,كنيسة القديس وسط,النجم الرياضي لبلدية تازوقاغت
سمر سمير المزغني,بيمُنتة  ,تنورة,سويت بانتس,سلوبي جو,ميامي,حواء,نعيم,مسجد آق سنقر الفرقاني,هرفوليه
هناء البواب,تمر هندي,دراعة,فرجية,بيغولي,برشلونة,حنان,جوزف,مسجد الجعرانة,باليرمو
كاسي إدواردز,خروب,جينز,ثوب,كواج,تبوك,ملاك,ألبرت,جامع النور الكبير,بولون
عمر الدسوقي,قونقليز,لباس ضيق,بنطلون جينز,هريسة,الخبر,مها,هارون,مسجد الشوك,شباب الدريوش
جوي ميرفي,قنقليس,يوغا بانتس,صاية,باستا,هيوستن,بشرى,لوجان,مسجد علي بن أبي طالب,الروضة
ليندا غودنايت,بيمُنتة  ,حولي,وزار,المَنتِكادة,عدن,فاطمة,كعب,كنيسة القديس يعقوب,الصليبخات
جميلة إسماعيل,أماريتو,جرغد,تيشيرت,كروش,مانشستر,ياسمين,عبد,مسجد المولوية,تولسا روناكس
توم راند,عصير التمر,برقع,عقال,هوتدوق,ميونخ,داليا,حام,كنيسة القديسة اينيس,ريال سرقسطة
سليمان الموسى,سانجريا,بوشية,دشداشه,سنيورة,حلب,ريما,سليم,كنيسة القديسة أنياس,قصبة تادلة
ديفيد إتش أهل,بيرا,فستان قصير,جينز,مراصيع,الجبيل,رزان,هانئ,كنيسة مار لويس,غرينفيل ترمف
محمد جواد البلاغي,كيزلياركا,تيشرت,بنطلون جينز,حساء رومفورد,صحار,نور,ديمتريوس,جامع سمرة,ليموج
فيرونيكا فيرا,كركريه,فستان قصير,جوخة,كامبانيل,نقفا,ليلى,زيدان,الجامع الكبير ,أوكسير
ماري غاردينر برينارد,كولا دي مونو,فيزون,قفطان,شاكرية,نيدروالد,جوري,ميسون,مسجد عائشة الحيدري,بيرنغن
عمر عناز,عرقسوس,لباس ضيق,غطره,فول مدمس,سيلما,نارمين,عبدالمحسن,كنيسة القديسة دميانه,روما سيتي
آدا بالمر,زبادي,لثام,دماية,كوسى,شاطبة,مولي,يلامس,مسجد السيدة عائشة,جمعية الخروب
يوسف الجندي  ,بلودي ماري,عبايه,دشداشة ,بينة,بيرتشوود فيلج,ديما,بطرس,مسجد  واد رشاشة,الكرخ
كاسي إدواردز,سحلب,عباية,قميص,ميلوماكارونو,بورتون,دانييلا,ليث,كنيسة مار غبريال,اتحاد البليدة
زبيدة بشير,شاي كرك,شورت,جكت,كشرى,ثاوزند أوكس,منيبة,مروان,جامع السنانية,نجم القليعة
ريك سميث,بوربون,بنطال ضيق,كاكولة,كيش,لاكين,بليغة,فتحي,مسجد منطقة ابن زهر,عنه
سينثيا كروز,بابونج,باندانا,كوفية,مرقوق,سانتاكوين,باسمة,عبدالرحمان,كنيسة القديس جيوارجيوس,الداخلية
علي باشا مبارك,بلح,فستان,قلنسوة,استيك,أوكسفاس,غناء,جاليل,كنيسة مار انطون,زيركسيس روتردام
كاثرين غاسكين,عرق,جلابة,بشت,كوز مثلجات,مسل شولس,نضال,بكير,مسجد الخوقه,سكك الحديد الصفاقسي
منعطف النهر,دوم,شورت,تيشيرت,كريم بروليه,فلاغستاف,بوسنيه,جبير,كنيسة مار سمعان,العدالة السعودي
جوخة الحارثي,شنبص,قفطان,شورت,كوسى,سان جوان باوتيستا,بياتريس,داود,مسجد الرحمن,إيلاس فيرونا
آن بيشوب,بينيديكتين,قفطان,عقال,فوزيلي,وينلوك,جوان,صدام,الجامع الكبير بتستور,الاتحاد الرياضي البيضاوي
برونو هيبير,قهوة إيرلندية,الجبـة,شماغ,البولونيز,إساكوه,لورين,فيليكس,جامع صهيب بن سنان,هويسكا
زينب بدوي,كولا دي مونو,نقاب,قمباز,مسفوف,غاي,كولين,ناثان,جامع الجند,الزبير
مارك ديفر,شنبص,سفساري,قبعة,تورتيلي,ترينتون,فانيسا,ايولوس,جامع السيدة سكينة,إيه سي ميلان بريميفيرا
إبراهيم درغوثي,قهوة عربية,حولي,غترة,برازق,راتسهبورغ,فيرزو,ويل,كنيسة مارتن,خيتافي ب
ناصر بن أحمد البحراني,إرك سو,باندانا,كاكولة,بريوش,ليوتي,أفنان,توماس,مسجد الوهابيه,هومنتمن لبنان
إستر وير,مشروب كحولي,كفتان,قمباز,منسف,ألمينا,كترينا,شاهين,كنيسة القديس باترييك,المدام
شارمين كريغ,بدويايزر,طرحة,بندانا,كنتة,راتون,لطيفه,شاهين,مسجد المجاهدين,فورتونا سيتارد
ساندرا هاردينغ,موخيتو,قلنسوة,بشت,ميلوماكارونو,السلمية,بولين,صفوان,جامع بديع السموات والأرض,إستاريا
ديفيد إتش أهل,قيقب,جلباب,تي شيرت,كعك العيد,ليليستاد,فَارِعَة,رشد,مسجد الأباريقي,النجم الرياضي لبلدية تازوقاغت
جون سافاج,كيزلياركا,جرجار,بلوزة,سردين,توريلافيجا,هيفاء,إليكس,مسجد الرحمة,تشافيس
زينب بدوي,كركديه,جمبسوت,شروال,رافيولي محمص,لاكين,ألوف,وئام,كنيسة القديس جاورجيوس,تورنهاوت
يوسف الغنامي,سانجريا,تنورة,كاكولة,زلبية,أورانج,كفى,نبيه,جامع وتكية السيد محمد نجيب الجباري,كوسيسي
جلال أمين,رمان,منديل,سويت شيرت,هندباء,نواكشوط,لوريندا,عبدالشافئ,مسجد الشيخة سلامة,السروات
مارون عبود,كركيده,دشداشة ,عمامة,قشطة,ميسون,مديحة,عبدو,كنيسة مار افرم,بنها
ميتش ديفيس,قهوة إيرلندية,خمار,بندانا,ملوخية,ايست باليستاين,صائنة,مناضل,كنيسة مار إبراهيم,الروضة
سوزانا ساببيللارو,روم,جينز,ثوب,فول,جبيل,سارة,يوسف,كنيسة مار اوراها,النصر
إديث ديلي,جعة,شورت,جينز,سابليه,حلب,مريم,نور,مدرسة محمود محرم,الهلال
تومي آديمي,براندي,تنورة,عقال,بطاطا وكرنب,صيدا,ساره,باسم,جامع أم مسجد,الكويت
مطلق الذيابي,شربت,فستان,قميص,بيغولي,بعلبك,ميساء,احمد,جامع عبد الله بك,العراق
ابراهيم سحاب العقيلي,ويسكى,بلوزة,شورت,محشي,طرابلس,شيماء,محمد,مسجد علي بن أبي طالب,الشباب
شكر الله الجر,تشيتشا,جاكيت,جاكيت,فول مدمس,القدس,ياسمين,بشار,كنيسة مار نقولاجريدة,بلد
أبريل ويد,كزنياك,لثام,حطة,سردين,حمص,انا,شاهين,الكنيسة المرقسية الكبرى,برشلونة
أحمد مراد,سفرجل,جمبسوت,سويت شيرت,شفوت,فاس,ريم,مصطفى,الجامع القديم,الزعيم
حاييم حبشوش,بدويايزر,لباس ضيق,كندورة,مشبك,العين,هبه,ويل,كنيسة السيدة الأرثوذكسية,دين بوستش
حسين المطوع,كوكوي,المحوثــل,سويت بانتس,سابلية,بيروت,يمنى,فريد,كنيسة سانتا ماريا في سيلو أسونتا,ساسولو
شيلا ميرفي,رم,بلوزة,قميص,شلولو,الرقة,بشرى,اسرائيل,كنيسة الشهيد مارجرجس,تفرغ زينة
إباء إسماعيل,أتاي,يوغا بانتس,جلابة,متبل,نابلس,سمر,بن,مسجد الدليجان,الوصيل
ميشيل كلينتون,سفرجل,كفتان,جلابيه,طبيخة,الخليل,ندى,ليون,كنيسة مار ساويريوس,يونيون زولينغن
كريس متزين,نبيذ,المحوثــل,قفطان,عريكة,التل,حلا,إليجا,جامع الكبيسي,أولمبيك آسفي
إلين فين,تيكيلا سن رايز,فستان,جينز,بريزولة,غزة,حواء,إيمرسون,جامع الصليبة,كيمنتزر
جورج سيسيل آيفز,خروب,فستان,شورت,باستا الطماطم,المنصورة,فرح,جبران,جامع سويقة بن دهبان,مونتلوكون
كاريداد دي لا لوز,بتع,قفطان,عصبة,سوبولو,العيون,زهراء,مات,كنيسة القديس فارطان,إلدنس الرياضي
ديفيد جاي شوارتز,إرك سو,حجاب,عمامه,بنزرتية,الجبيل,مرام,الكسندر,كنيسة القديس ثناسيوس,لوكيرين
نورا ماي فرينش,سكس أون ذا بيتش,عباية,كندورة,برازق,بدر,داليا,المصطفى,مسجد درب بوحاج,سانت بولتن
ناثانيل ريتش,شنبص,يوغا بانتس,شورت,برغل,صور,عبير,برنارد,مسجد السيدة فاطمة,تورونتو
رون أوليفر,مارجريتا,دشداشة ,جلابة,حرايمي,طولكرم,هبة,جوناه,مسجد عبد الحميد الثاني,مزارع دينا
ليزا شانون,بدويايزر,عصبة,بدلة,إسباجتي,كاربونديل,ملاك,بوراك,مدرسة محمد امين السويدي,إيمن
عبده خال,تاكيلا,دشداشة ,مشلح,كنافه,أكروبوليس ليندوس,نور,عاصم,جامع بني أمية الكبير,السيلية
جوخة الحارثي,بينيديكتين,كفتان,كندورة,مراصيع,إلدورادو,حنان,رونالد,مسجد الملك عبد العزيز,الجبلين
جوي ميرفي,قهوة إيرلندية,لباس البحر,باندانا,مفروكة,تشيلدرسبورغ,استل,فرديناند,جامع الملك خالد,مجد المدينة
جورجيا مخلوف,قونقليز,عصبة,جلابيه,قطائف,كلاجوكي,ايما,باتريك,كنيسة القديس ماركو,ريدينغ يونايتد إيسي
براين كونيزكو,ويسكي,برقع,قفطان,ترمس,ليك كريستال,كاثرين,عنترة,كنيسة القديس فرانسيس,الجنوب
ليزا غينوفا,كوبا ليبر,يوغا بانتس,قفطان,كبسة,كونتري كلب هيلز,مناصف,صفي الدين,كنيسة القديس المخلص,بورتو السويس
كوري ماي,عصير التمر,عبايه,بنطلون جينز,فاهيتا,عجمان,مي,عبود,كنيسة القديس يوانو,مندلي
ناصر بن أحمد البحراني,ستاليشنيا,كاكي,قمباز,لحم محفوظ,غوسنيل,ساندرا,أورلاندو,الجامع المغربية لمساعدة الأطفال,الشباب الرياضي الغازيه
لاري إبراهام,زهورات,فيزون,بلوزة,شاورما إماراتية,لاندا,شارلوت,هاريس,جامع الحي الكبير,كالياري
باتي سميث,كونياك,عبائة,كندورة,باميه,سوبيريور,أوكتافيا,حامد,كنيسة مار أداي,الأمل الرياضي بحفوز
إي. لي سبينس,قيقيب,لباس ضيق,بليزر,بسيسة,أساريا,آمال,سبأ,مسجد العرازين,الالرياضي بحاجب العيون
جيان ماير,بدويايزر,بلوزة,جلابيه,لفافة القرفة,تاربون سبرينغز,نوران,مرشد,مسجد حسن الباشا بوهران,أولمبي الشلف
مارك أنتوني,سحلب,كفتان,بنطلون جينز,نوجاتي,اركاديا,شيرين,إدغار,كنيسة القديس أنجلو,فيوتشر
روبرت أبيرناثي,شاي لومي,تي شيرت,سكيني جينز,شودر,هاله,هدير,مهدي,كنيسة القديس ستيابونوس,لو تشو دي فوندز
تشارلز مارتن,كيانتي,عباية,زبون,تاليريني,شقبان,ديبرا,مستعمر,جامع اليقظة,نهضة مرتيل
روبرت تايلور,دبس,جرجار,عقال,ملووخية,تريمبل,يسرا,زيد,كنيسة القديس بوليفاكتوس,الذهب
كريستوفر جي. مور,براندي,جلباب,قفطان,بروسكيتا,هوشتات أن در دوناو,آمال,عبدالغني,مسجد الحيات,دونكيرك
أمل أدين,قهوة تركية,جلابة,قبعة,كعكة بطيق,شتاينفورت,ديما,نيك,مسجد الفلاس,الهاشمية
نيلز داهل,لبن,جرغد,قميص,نموره,الواس,ربعة,جيلبير,مسجد الدويدار,السيلية
سليمان الموسى,سوبيا,باندانا,قلنسوة,عوام,شيلداهال,تيسا,إميل,مسجد الشابندر,ناصر برالياس
كيث فيتالي,كركيده,قفطان,جينز ممزق,أسباجيتي,ميرو,مائدة,زياد,مسجد العوشزة,باسي فالي أور
جيلوم نيكلو,إرك سو,حولي,كوفية,حريرة,ليشتنبرغ,غــادة,عبدالمنعم,كنيسة مار إبراهيم,آيندهوفن
سعاد الصباح,بيره,نقاب,حطة,بنُ يمني,الجبيهة,سعدية,بهجت,كنيسة القديس شارل,إيه سي بلونو 1905
مارغريت كورتني,ماء الحياة,جينز,زبون,منتو,سياتل,إليسا,لوجان,الجامع الحميدي,أولمبي سيدي لخضر
هارون كلاين,موكا,تنورة,هودي,كنافة,سانتا باربارا,سماهر,مسيلمة,كنيسة القديس جريجورى,مولودية العلمة
هاشم البحراني,أماريتو,فيزون,زبون,محشي,مينيدوكا,مجاهدة,صامويل,كنيسة نوتر دام دي أو,لافال يونايتد
باول هاردينغ,إرك سو,طنطور,قمباز,شلولو,فيزنبرغ,ميكا,قاضي,كنيسة سانت أندريا,جمعية الأمن الوطني
روبن باريش,لونغ آيلاند آيس تي,شورت,هودي,تورتيلي,كيسيمي,بريجيت,راغنر,جامع يوسف داي,سبورتينغ خيخون ب
كاثي فريستون,لونغ آيلاند آيس تي,لباس البحر,جينز,باستا الطماطم,الرياض,سمر,احمد,كنيسة مار سويريوس,الوحدات
هارون كلاين,براندي,حولي,بلوزة,منفوشة,جدة,ملاك,محمد,كنيسة سانتا ماريا ، إغوالادا,النصر
نورمان فيلبس,تين,نقاب,بدلة,سمورز,حلب,انا,يوسف,مسجد السلطان أبو العلا,الشباب
أزمينة ذرودية,عرق,بيكيني,قميص,بيتزا_مارغيريتا,الدمام,مريم,مصطفى,مسجد سيدي مردوم,الهلال
محمد أبو زهرة,ماء الحياة,جلباب,شورت,شلولو,الزرقاء,سارة,سعيد,مسجد الرحمة,برشلونة
محمد أبو زهرة,شنبص,مايوه,ثوب,سمبوسه,دبي,ساره,محمود,ضريح أبى السعود بن أبى العشائر,الزمالك
أندرو غروف,ستاليشنيا,لباس البحر,جاكيت,أريشة,الرباط,سلام,عادل,مسجد سيدي نوار,البحرين
إبراهيم درغوثي,مشروب كحولي,شرش,فرجية,كيش,نيويورك,شيماء,طاهر,كنيسة القديس لوكا,الوحدة
فيرونيكا فيرا,كَلفادوس,فستان,دماية,سفيرية,طرابلس,مها,نبيل,جامع السنانية,الاتحاد
جون سافاج,بوربون,منديل,خاجية,فاتروشكا,الرقة,نور,خالد,كنيسة القديس أغسطين,الجزيرة
يوسف الجندي  ,عصير التمر,قلنسوة,غطره,فيوتشيني,تبوك,ورد,ياسين,الجامع المعلق في دمشق,المحرق
محيي الدين اللباد,سكس أون ذا بيتش,شرش,جبة,حمص,لندن,سلمى,باسم,كنيسة مار أبرام,الكويت
باربرا داوسون سميث,جلاب,خمار,وزار,فوتوتشيني,باريس,ندى,حسن,جامع المدرسة,العربي
ألين شون,بيمُنتة  ,جلابة,بشت,سمبوسك,العين,نجوانة,ماجد,جامع السكوتي,العراق
ديفيد هاتشر تشايلدريس,شاي لومي,بلوزة,وزار,لحم البقر المشوي,طيبة,ميلا,شريف,المسجد الكبير لمطار الملك خالد الدولي بالرياض,غاز الجنوب
دانييل شتورم,كاركدية,طنطور,طاقية,عيران ييك,حمص,مسعودة,سالم,كنيسة القديس لويجي,ديجون
جيلوم نيكلو,قيقب,حولي,خاجية,كابونتي,جميلة,شريفة,فاروق,مسجد بومنيجل,فيدوفري
جوليا سيرانو,شوتشو,فيزون,عمامه,تكتوكة,وجدة,اليزيبث,كريم,مسجد بومنيجل,الغرافة
كريستوفر جي. مور,قيقيب,خمار,شماغ,ديتاليني,طنجة,استل,عدلت,مسجد الشافعي,كولورادو سبرينغس
جلال أمين,شيفاس,طرحة,جلابيه,نمورة,غاروين,كريستيان,ليث,مسجد الأميرة لالة لطيفة,آلتون كوبري
نورمان فيلبس,كركدية,شورت,بنطلون جينز,طاجين,روكفيل,جومانا,بشار,قبة طلحة,سان أنطونيو
ريتشارد هاد,بيمُنتة  ,شــرش,سويت بانتس,عيران ييك,قصر أسا,إيزابيلا,رؤوف,جامع سليمان,السلط
سمر محفوظ براج,مشروب كحولي,شــرش,سكيني جينز,تمال,كيرني,فتحية,ألبرت,بازيليكا سان بترونيو,بيزا
أحمد بدرخان,جاك دانيلز,خمار,بشت,خبز تنور,حمص,إنجليسيا,قتيبة,مسجد أحمد المكي,تور
عائض القرني,شمبانيا,كندورة,جينز,محشي فليفلة,رانتشو سانتا مارغاريتا,دوناتيلا,عدي,مسجد الشيخ الشاطبي,القوافل الرياضية بقفصة
شروود سميث,زوراسابوتي,مايوه,قلنسوة,بيغل,ليبينثال,ماريا,المصطفى,جامع فالح باشا الكبير,سبورتينغ سلا
بن فالكون,نبيذ,طنطور,كوفية,وذنين القاضي,فون أورمي,زينب,ستيفن,كنيسة القديس جيمس,أجاكس القنيطري
جانيت لشمت,يونغوينو,نقاب,وزار,قريوش,هوبارت,حليمة,نصر الدين,جامع ملا احمد كرده,القلعة
هيلين آشر,كركديه,بيكيني,عصبة,الفخفخينا,ريبابلك,شيري,حازم,كنيسة القديس يوليانوس,تيفانا
جيمس إل. سنايدر,ينسون,جرغد,دشداشة ,بلح الشام,بني سهيلا,ضُبَاعَة,دييغو,كنيسة مار احوداما,أهلي غزة
كانديس روب,راكيا,فيزون,شاشية,محبشة,ميتشل,ديفارا,كارلو,كنيسة مار إدنا,باليرمو
محمد جمال صقر,آيرش كريم,شرش,جلابة,طوفو,لا هابرا هيايتس,نوره,عبدالأمير,مرقد ومسجد صدر الدين,واترشاي ثور
يوسف الجندي  ,شراب الشعير,نقاب,صاية,سباغتي,أولموس بارك,ناتاشا,عامر,مسجد الشيخ الأنصاري,اليرموك
جينيفر نيفن,كوكوي,جينز,عمامة,كشرى,هوميستون,نبيهة,بيير,كنيسة القديس اشعيا,رابيد فيينا
باربرا داوسون سميث,قهوة تركية,تنورة قصيرة,جينز ممزق,رأس الحانوت,فيرغاس,ملهمة,أوليفر,جامع أيوب بك الجليلي,22 مايو
حفصة زينات قوديل,بلح,باندانا,جلابة,طرشانة,ييتس سنتر,رولا,أنطوني,جامع بلك,ماياغويز
إيثار الكتاتني,ديكري  ,بوشية,جلابة,فاتروشكا,بالميرا,حميدة,ألفونسو,كنيسة مار ريشة,فيكينغور
ستيفن حسن,شمبانيا,بكيني,جلابيه,هروس,ليمبورغ أن در لان,جورجيان,جرجس,جامع محمد رسول الله,فيكتوريا كولن
هنري هوارد براونيل,كركريه,بيكيني,مشلح,ماكرون,موبين,هاجر,اسد الله,مسجد أثيثية,الفلوجة
ماري إي. هيويت,ساكي,عصبة,فرجية,حبول,موديستو,مزين,أندريه,كنيسة القديس يوليوس,الليث
منى سليمان,بيرة,جرجار,دماية,ليالي لبنان,سيلفوس,كاميلا,فيليكس,مسجد سيدي يحيى الأسفل,هيرنفين
لين كورلاند,براندي,المحوثــل,تي شيرت,إسكالوب,كستر,ثوابة,ضياء,مسجد الحوت,دجلة
هناء البواب,سمبوكة,جلباب,بنطلون جينز,مدمس,ويست,ايفا,جريجوري,كنيسة القديسة تريز,أولمبي سيدي لخضر
بطرس بطرس غالي,جاك دانيلز,نقاب,شروال,مخلمة,ريدجكريست,جودي,صالح,مسجد اليعقوبي,الملعب التونسي
مارك باسيلي يوسف,قمر الدين,بندانا,جلابية,قراشل,هام ليك,شاكرة,عادل,جامع حي السفارات,إستريلا دا أمادورا
عباس بيضون,كيانتي,ملاية,جاكيت جلد,سباغتي,إيفرمان,غريس,سعد,مسجد عبد الله بن الحارث,دينامو درسدن
غريس إليري تشانينج,كرك,الجبـة,غطره,أسباجيتي,أغرينيو,لمياء,ليون,مسجد الشيخ كنعان,22 مايو
رونالد فيربانك,بابونج,دراعة,عمامة,ملوخية,ماركوند,كيرا,زيدان,كنيسة القديس سيبستيان,النجم الريصاني
جوزيف مسعد,الشانغا,طنطور,جبة,أوملت,كليمسون,سهير,رودريجو,كنيسة القديس تكال,مزارع دينا
ديانا تريلينج,تيكيلا,شــرش,خاجية,فيتوتشيني,بيركينز,دبرى,أليجه,جامع القهار,غالواي يونايتد
سامية بن دريس,نعناع,فستان,جلابة,سمبوسك,الرياض,ساره,احمد,كنيسة القديس بيرفيروس,النصر
سو أوين,دبس,تنورة,صاية,مليحية,الدمام,مريم,محمد,جامع فاروق,الهلال
جيفري أ. لوكوود,يونغوينو,شرش,جوخة,بريك,الخبر,سارة,يوسف,مسجد الإيمان,القادسية
زليخة أبو ريشة,ماهيتو,جلباب,جبة,جازباتشيو,تبوك,ريم,حمد,مسجد الفخارين,الشباب
هيلين هاي ويتني,كركيده,برقع,قمباز,فيليا,دبي,انا,نور,جامع الشيخ عبد الغني الغنيمي,الاتحاد
دينيس جونستون,ويسكي,جلباب,قبعة,سجق,الجبيل,سمر,لوقا,كنيسة القديس لورانس,العربي
محمد جمال صقر,ويسكى,تيشرت,دشداشة ,شوربيت,العلا,شيماء,كارلو,كنيسة القديس فيجانس,الوحدات
هناء البواب,سحلب,كندورة,صاية,بريزولة,الظهران,ميساء,الكسندر,كنيسة أيدسبيرغ,برشلونة
عدنان عكاشة,تين,عبايه,تي شيرت,بنزرتية,الخرج,ياسمين,مارك,مسجد بوعلي,سيوداد دي مورسيا
حبيب الزيودي,أنجوستورا,جمبسوت,شورت,مسخن,جدة,حواء,صفوان,جامع السراي,ماغديبورغ
كوري ماي,سمبوكة,تنورة قصيرة,صاية,سابلية,حلب,ملاك,سمعان,جامع القاضي,شباب تموشنت
باول روبرتس,زنجبيل,طنطور,بليزر,طاووق,بغداد,ليلى,منير,كاتدرائية ماريا سانتيسما,هندرين
جينا بلوم,كاركدية,خمار,بندانا,كاراسومي,العين,نور,هاري,مسجد أحمد بن حنبل,الخورنق
أزمينة ذرودية,ماهيتو,تنورة,شروال,تاكيتو,دمشق,مرام,عبدو,كنيسة القديس دوم,خطاف القلعة الكبرى
كاريداد دي لا لوز,بابونج,جمبسوت,غترة,خبز تنور,الرباط,ندى,وسيم,مسجد ومدرسة إينال اليوسفي,حرفيي حلب
روبرت أبيرناثي,مارغريتا,لباس ضيق,عمامه,باستا,طنطا,حلا,ايرل,كنيسة سانت فطيمه,أدرار سوس
محمد غوشة,بيسكو تعكر,بكيني,شاشية,محمرة,ينبع,ماريا,مورجان,كنيسة مار سمعان,سليبنر
بيرند كلاين,جلاب,لباس ضيق,دشداشة,طاجبين,القطيف,عبير,حمد,كنيسة القديس ايسيدرو,غويونيون
فائق عبد الجليل,بيمُنتة  ,الجبـة,شروال,بريوش,نيويورك,كيم,فيصل,مسجد لالة زهر,بوتولانا 1902 إنترنابولي
حنان الشيخ,رم,ايشارب,بليزر,زعتر,المكلا,بشرى,يسري,مسجد الحاج يوسف البرقاوي,الوداد الرياضي
ديتليف فوغل,شراب الشعير,تي شيرت,جكت,كورزيتي,بلانتيشن,داليا,ألبيرتو,جامع القاضي يحيى زين الدين,التعاون السعودي
زبيدة بشير,كوميس,ملاية,غترة,ثاوزند أيلاند,سوان,فرح,ياسر,مسجد عين الحياة,شبيبة الأبيار
توني روثمان,بيره,سويت بانتس,بندانا,باييا,لوفجوي,هديل,جبر,كنيسة القديسة هيلانا,باو
بطرس بطرس غالي,رم,سويت بانتس,جلابة,سنيورة,لونغ بيتش,جوسيبي,هانئ,جامع الأجانب,متز
كيث فيتالي,شاي لومي,شــرش,غطره,كباب كرز,فيق,ساندي,إدغار,جامع الأمير منذر,لا فابريكا
رانيا أمين,إرك سو,بنطال ضيق,تيشرت,قراشل,بليير بلفز,جويل,جيف,جامع المجيد,ديبورتيفو بني انصار
حمزة السامرائي,خروب,طنطور,عمامه,كنافه,الزهراء,ماجدة,أسد,كنيسة مار كوركيس,النجف
محمد صادق,ستاليشنيا,جلابة,قميص,مفلق,غري إيغل,مارية,إيريك,مسجد  محمد بن الفقيه,موناكو
كينيث إس. ستيرن,قشر,باندانا,دشداشة ,حريرة,الكينز,سلطانة,أويس,مدرسة محمد امين السويدي,الخليج العربي
آن أغيري,سحلب,جلباب,جلابة,شيشبرك,نيو لايبزيغ,ماريتا,معمر,مسجد الرحمن,آود هيفرلي لوفين
أحمد منصور,بيرة,شيلة,باندانا,بيبسي تويست,إسثرفيل,نيفين,جوزف,مسجد البياض,ستاد سان جيرمان
أحمد العباسي,عرق,باندانا,قميص,تكتوكة,سبروس غرووف,كيرستين,سفيان,جامع الصروي,ديجون
ناجي صبري,تشيفاز ريغال,تنورة,تيشرت,مجدرى,ريوكان,ميراي,أوليفر,كنيسة مار عبدا,شبيبة الأبيار
فريدة خلف,ويسكي,شورت,بشت,مادلين,ميلوز,أمانى,آرام,جامع اللخمي,مركز شباب تلا
تريسي غراندستاف,آيرش كريم,فستان قصير,شماغ,صاج,بتسنشتاين,لؤلؤة,مناضل,جامع السجادة النبوية,نانت
شيلا ميرفي,نعناع,شيلة,جينز,كنافة نابلسية,فولفرات,أوكتافيا,إيمانويل,جامع سعيد باشا,إنبي
إيبز سارجنت,قهوة إيرلندية,كندورة,عمامه,خبز التنور,لوراخ,غريس,جاستن,كنيسة ميكايل,مجد المدينة
باربرا ماركس هابارد,زنجبيل,حولي,عقال,كبه,مدينة حمد,مزينة,عبود,جامع مالك بن أنس,ماتيليكا
ليزا غينوفا,ملوز,حجاب,عصبة,قلوب,إسموريز,نسيمة,عياض,كنيسة القديس فاردانانتس,المحاويل
ناثانيل ريتش,بايليز,عباءة,بليزر,مموش,ريدر,حميدة,ريتشارد,مسجد أبو ذر الغفاري,حسنية أكادير
رانيا أمين,كيزلياركا,حجاب,تيشرت,ابل باي,سوليجر,فاليريا,أديب,كنيسة القديس ماركس,سانت إتيان
مارتن راسموسن,زوراسابوتي,لباس ضيق,جينز,رايس كرسبيز,بينافيدس,إيلا,الزبير,مسجد الملك عبد العزيز,أونياو دا ماديرا
ليزلي ويلر,دقيق,تنورة قصيرة,مشلح,حرايمي,فيردر,روزالين,هادي,مسجد الحوت,النسر الرياضي بجلمة
لوري جيلمان,قهوة عربية,كفتان,غطره,فيتوتشيني,تشارلز سيتي,أثناسيا,فينسنت,كنيسة القديس فرانسيس,بولدكلوبن 1909
وجيهة الحويدر,أنجوستورا,كندورة,شماغ,كباب,هيوم,آلاء,ناثان,جامع وتكية خانقاه الخالدية,أوريويلا
ساندرا هاردينغ,ستاليشنيا,تنورة قصيرة,ثوب,طابونة,واين,لمى,طه,كنيسة مار نقولاجريدة,ساكارامينتو ريببلك
إستر دي جونغ,قهوة تركية,فيزون,بندانا,خبز أعشاب البحر,سانت مارتن,شهيرة,نعمة,كنيسة الرسولين بطرس وبولس,إثنيكوس
مات زولر ستز,تين,حجاب,بدلة,غلنتين,بورت مودي,نوره,ألبيرتو,جامع الأبرار,تورونتو سيتي
حسام الحملاوي,كَلفادوس,باندانا,كوفية,ماكرون,تافت,دونا,حام,مسجد عبد الرحمان بن خلدون,بيرنغن
كولتون سيمبسون,راكيا,لباس ضيق,خاجية,مدزلونه,كيتشوم,إيلاريا,بروس,جامع البختي,جلولاء
